PLAYER_ID,PLAYER_NAME,TEAM_ID,TEAM_ABBREVIATION,AGE,PLAYER_HEIGHT,PLAYER_HEIGHT_INCHES,PLAYER_WEIGHT,COLLEGE,COUNTRY,DRAFT_YEAR,DRAFT_ROUND,DRAFT_NUMBER,GP,PTS,REB,AST,NET_RATING,OREB_PCT,DREB_PCT,USG_PCT,TS_PCT,AST_PCT
203932,Aaron Gordon,1610612753,ORL,23.0,6-9,81,220,Arizona,USA,2014,1,4,12,16.3,8.1,2.5,-1.7,0.058,0.177,0.211,0.552,0.115
1628988,Aaron Holiday,1610612754,IND,22.0,6-1,73,185,California-Los Angeles,USA,2018,1,23,5,1.0,0.2,0.4,-38.7,0.0,0.056,0.214,0.417,0.182
1627846,Abdel Nader,1610612760,OKC,25.0,6-6,78,225,Iowa State,Egypt,2016,2,58,5,0.4,0.0,0.0,-91.4,0.0,0.0,0.208,0.333,0.0
201143,Al Horford,1610612738,BOS,32.0,6-10,82,245,Florida,Dominican Republic,2007,1,3,12,12.0,6.0,3.8,1.2,0.053,0.132,0.183,0.538,0.199
202329,Al-Farouq Aminu,1610612757,POR,28.0,6-9,81,220,Wake Forest,USA,2010,1,8,12,8.3,8.7,0.4,12.4,0.047,0.217,0.115,0.552,0.018
202692,Alec Burks,1610612762,UTA,27.0,6-6,78,214,Colorado,USA,2011,1,12,8,9.4,0.9,1.1,6.0,0.0,0.061,0.201,0.686,0.122
203518,Alex Abrines,1610612760,OKC,25.0,6-6,78,200,None,Spain,2013,2,32,12,7.0,1.7,0.8,5.2,0.006,0.059,0.126,0.512,0.047
203458,Alex Len,1610612737,ATL,25.0,7-1,85,250,Maryland,Ukraine,2013,1,5,12,9.8,5.1,1.3,-12.2,0.073,0.153,0.194,0.572,0.089
1627816,Alex Poythress,1610612737,ATL,25.0,6-9,81,235,Kentucky,USA,Undrafted,Undrafted,Undrafted,9,5.6,3.8,0.8,-16.5,0.095,0.14,0.138,0.601,0.083
1628035,Alfonzo McKinnie,1610612744,GSW,26.0,6-8,80,215,None,USA,Undrafted,Undrafted,Undrafted,13,6.6,4.0,0.5,15.8,0.087,0.137,0.141,0.62,0.044
1628993,Alize Johnson,1610612754,IND,22.0,6-9,81,212,Missouri State,USA,2018,2,50,3,0.7,1.3,0.0,-4.1,0.0,0.364,0.136,0.347,0.0
203459,Allen Crabbe,1610612751,BKN,26.0,6-6,78,212,California,USA,2013,2,31,12,6.6,3.6,1.3,1.2,0.019,0.134,0.17,0.38,0.076
1629019,Allonzo Trier,1610612752,NYK,22.0,6-5,77,200,University of Arizona,USA,Undrafted,Undrafted,Undrafted,13,11.5,2.6,1.2,-6.8,0.024,0.083,0.189,0.611,0.086
101161,Amir Johnson,1610612755,PHI,31.0,6-9,81,240,None,USA,2005,2,56,14,5.0,3.4,1.3,-7.8,0.071,0.209,0.172,0.701,0.176
203083,Andre Drummond,1610612765,DET,25.0,6-11,83,279,Connecticut,USA,2012,1,9,11,19.3,16.1,1.4,0.4,0.163,0.306,0.26,0.54,0.072
2738,Andre Iguodala,1610612744,GSW,34.0,6-6,78,215,Arizona,USA,2004,1,9,11,3.3,2.5,2.8,14.1,0.025,0.094,0.101,0.45,0.185
1626150,Andrew Harrison,1610612739,CLE,24.0,6-6,78,213,Kentucky,USA,2015,2,44,2,1.0,1.5,0.0,5.0,0.0,0.13,0.2,0.167,0.0
203952,Andrew Wiggins,1610612750,MIN,23.0,6-8,80,194,Kansas,Canada,2014,1,1,9,17.0,3.7,1.9,-6.5,0.013,0.092,0.229,0.517,0.089
1629014,Anfernee Simons,1610612757,POR,19.0,6-4,76,185,None,USA,2018,1,24,2,1.0,0.0,0.0,-16.1,0.0,0.0,0.25,0.5,0.0
1627790,Ante Zizic,1610612739,CLE,21.0,6-11,83,254,None,Croatia,2016,1,23,10,4.0,2.8,0.4,4.7,0.155,0.221,0.218,0.624,0.075
203076,Anthony Davis,1610612740,NOP,25.0,6-10,82,253,Kentucky,USA,2012,1,1,9,24.6,12.1,4.8,10.0,0.08,0.223,0.266,0.552,0.184
201229,Anthony Tolliver,1610612750,MIN,33.0,6-8,80,250,Creighton,USA,Undrafted,Undrafted,Undrafted,13,5.8,2.5,0.8,-6.8,0.017,0.107,0.106,0.633,0.056
1628469,Antonio Blakeney,1610612741,CHI,22.0,6-4,76,192,Louisiana State,USA,Undrafted,Undrafted,Undrafted,13,11.2,2.3,0.6,5.2,0.009,0.109,0.253,0.557,0.05
203382,Aron Baynes,1610612738,BOS,31.0,6-10,82,260,Washington State,Australia,Undrafted,Undrafted,Undrafted,9,6.0,3.6,0.9,3.9,0.106,0.124,0.168,0.538,0.098
203085,Austin Rivers,1610612764,WAS,26.0,6-4,76,200,Duke,USA,2012,1,10,12,7.1,2.3,1.8,-7.7,0.014,0.076,0.142,0.528,0.117
202340,Avery Bradley,1610612746,LAC,27.0,6-2,74,180,Texas,USA,2010,1,19,9,7.1,1.9,1.6,-2.5,0.026,0.035,0.156,0.398,0.088
1628389,Bam Adebayo,1610612748,MIA,21.0,6-10,82,255,Kentucky,USA,2017,1,14,12,6.5,5.9,0.9,3.0,0.101,0.204,0.142,0.604,0.075
203463,Ben McLemore,1610612758,SAC,25.0,6-5,77,201,Kansas,USA,2013,1,7,5,2.4,0.0,0.2,19.1,0.0,0.0,0.206,0.505,0.048
1627732,Ben Simmons,1610612755,PHI,22.0,6-10,82,230,Louisiana State,Australia,2016,1,1,13,15.0,9.6,7.8,-4.4,0.067,0.193,0.214,0.555,0.406
202687,Bismack Biyombo,1610612766,CHA,26.0,6-9,81,255,None,Democratic Republic of the Congo,2011,1,7,6,2.5,2.5,0.3,-12.2,0.085,0.149,0.122,0.573,0.053
201933,Blake Griffin,1610612765,DET,29.0,6-10,82,250,Oklahoma,USA,2009,1,1,11,25.4,10.5,5.0,2.2,0.042,0.238,0.286,0.575,0.24
1626246,Boban Marjanovic,1610612746,LAC,30.0,7-3,87,290,None,Serbia,Undrafted,Undrafted,Undrafted,12,7.9,5.3,0.7,7.0,0.118,0.271,0.233,0.672,0.088
1626171,Bobby Portis,1610612741,CHI,23.0,6-11,83,250,Arkansas,USA,2015,1,22,4,10.5,10.0,2.0,-0.8,0.055,0.276,0.191,0.467,0.094
203992,Bogdan Bogdanovic,1610612758,SAC,26.0,6-6,78,205,None,Serbia,2014,1,27,2,6.5,3.0,1.5,-15.1,0.0,0.133,0.158,0.428,0.107
202711,Bojan Bogdanovic,1610612754,IND,29.0,6-8,80,216,None,Croatia,2011,2,31,13,13.6,3.5,0.9,2.9,0.008,0.109,0.176,0.642,0.042
202954,Brad Wanamaker,1610612738,BOS,29.0,6-4,76,210,Pittsburgh,USA,Undrafted,Undrafted,Undrafted,2,3.0,0.5,0.0,-53.8,0.0,0.111,0.429,0.615,0.0
203078,Bradley Beal,1610612764,WAS,25.0,6-5,77,207,Florida,USA,2012,1,3,12,22.6,4.4,3.7,-5.2,0.012,0.111,0.26,0.588,0.177
1627742,Brandon Ingram,1610612747,LAL,21.0,6-9,81,190,Duke,USA,2016,1,2,8,15.6,4.5,1.9,1.0,0.036,0.098,0.226,0.517,0.079
201572,Brook Lopez,1610612749,MIL,30.0,7-0,84,270,Stanford,USA,2008,1,10,12,11.8,3.2,1.2,17.9,0.013,0.095,0.158,0.618,0.056
1628971,Bruce Brown,1610612765,DET,22.0,6-5,77,202,Miami (FL),USA,2018,2,42,8,3.1,1.5,0.3,3.6,0.025,0.078,0.134,0.379,0.026
1627854,Bryn Forbes,1610612759,SAS,25.0,6-3,75,190,Michigan State,USA,Undrafted,Undrafted,Undrafted,11,12.6,1.8,2.3,1.9,0.009,0.053,0.182,0.551,0.115
1627741,Buddy Hield,1610612758,SAC,24.0,6-4,76,214,Oklahoma,Bahamas,2016,1,6,13,19.1,5.8,2.6,5.5,0.03,0.133,0.234,0.586,0.12
203710,C.J. Williams,1610612750,MIN,28.0,6-5,77,226,North Carolina State,USA,Undrafted,Undrafted,Undrafted,5,2.0,0.4,0.6,-34.9,0.0,0.034,0.136,0.357,0.103
203468,CJ McCollum,1610612757,POR,27.0,6-3,75,190,Lehigh,USA,2013,1,10,12,21.0,4.3,2.6,12.4,0.038,0.079,0.259,0.554,0.118
101139,CJ Miles,1610612761,TOR,31.0,6-6,78,220,None,USA,2005,2,34,12,5.0,2.0,0.9,-13.0,0.023,0.093,0.169,0.416,0.086
1628403,Caleb Swanigan,1610612757,POR,21.0,6-9,81,250,Purdue,USA,2017,1,26,7,3.3,5.0,0.4,-13.0,0.101,0.272,0.187,0.394,0.068
1626166,Cameron Payne,1610612741,CHI,24.0,6-3,75,190,Murray State,USA,2015,1,14,12,8.7,2.1,3.4,-14.8,0.026,0.057,0.181,0.497,0.22
1627747,Caris LeVert,1610612751,BKN,24.0,6-7,79,204,Michigan,USA,2016,1,20,13,19.0,4.2,3.7,-2.3,0.026,0.101,0.259,0.562,0.19
2546,Carmelo Anthony,1610612745,HOU,34.0,6-8,80,240,Syracuse,USA,2003,1,3,10,13.4,5.4,0.5,-9.0,0.027,0.158,0.199,0.513,0.028
1626224,Cedi Osman,1610612739,CLE,23.0,6-8,80,215,None,Turkey,2015,2,31,11,11.4,5.0,2.5,-11.9,0.03,0.144,0.202,0.469,0.121
1628990,Chandler Hutchison,1610612741,CHI,22.0,6-7,79,197,Boise State,USA,2018,1,22,12,5.0,3.6,0.8,-0.4,0.036,0.135,0.126,0.517,0.058
202718,Chandler Parsons,1610612763,MEM,30.0,6-10,82,230,Florida,USA,2011,2,38,3,5.7,1.3,0.7,-11.5,0.018,0.07,0.174,0.5,0.074
101112,Channing Frye,1610612739,CLE,35.0,7-0,84,255,Arizona,USA,2005,1,8,1,5.0,4.0,1.0,-23.8,0.0,0.167,0.089,0.625,0.083
1627767,Cheick Diallo,1610612740,NOP,22.0,6-9,81,220,Kansas,Mali,2016,2,33,9,4.7,4.2,0.6,6.1,0.099,0.287,0.175,0.638,0.086
1629002,Chimezie Metu,1610612759,SAS,21.0,6-10,82,225,Southern California,USA,2018,2,49,6,1.3,1.3,0.2,11.1,0.081,0.132,0.198,0.34,0.048
1628449,Chris Boucher,1610612761,TOR,25.0,6-10,82,200,Oregon,Canada,Undrafted,Undrafted,Undrafted,1,6.0,2.0,0.0,160.0,0.286,0.0,0.455,0.647,0.0
101108,Chris Paul,1610612745,HOU,33.0,6-0,72,175,Wake Forest,USA,2005,1,4,9,16.3,5.2,8.2,-6.1,0.022,0.127,0.23,0.487,0.4
1626174,Christian Wood,1610612749,MIL,23.0,6-10,82,214,Nevada-Las Vegas,USA,Undrafted,Undrafted,Undrafted,3,2.0,1.0,0.0,-40.9,0.0,0.12,0.184,0.521,0.0
203991,Clint Capela,1610612745,HOU,24.0,6-10,82,240,None,Switzerland,2014,1,25,11,15.4,11.5,1.9,-6.9,0.115,0.219,0.183,0.602,0.099
203469,Cody Zeller,1610612766,CHA,26.0,7-0,84,240,Indiana,USA,2013,1,4,12,8.8,5.7,1.6,5.9,0.078,0.158,0.144,0.65,0.093
1629012,Collin Sexton,1610612739,CLE,19.0,6-2,74,190,Alabama,USA,2018,1,8,12,11.7,2.4,2.2,-12.6,0.024,0.072,0.21,0.529,0.141
202709,Cory Joseph,1610612754,IND,27.0,6-3,75,193,Texas,Canada,2011,1,29,13,6.8,3.2,3.2,10.2,0.009,0.11,0.113,0.578,0.169
1626245,Cristiano Felicio,1610612741,CHI,26.0,6-10,82,265,None,Brazil,Undrafted,Undrafted,Undrafted,9,5.0,5.6,0.9,-5.2,0.074,0.211,0.112,0.63,0.066
1626156,D'Angelo Russell,1610612751,BKN,22.0,6-5,77,198,Ohio State,USA,2015,1,2,13,15.7,3.7,5.1,-3.3,0.023,0.107,0.27,0.512,0.292
201571,D.J. Augustin,1610612753,ORL,31.0,6-0,72,183,Texas,USA,2008,1,9,12,10.4,2.5,4.8,-1.7,0.028,0.063,0.154,0.592,0.241
1627745,Damian Jones,1610612744,GSW,23.0,7-0,84,245,Vanderbilt,USA,2016,1,30,13,6.5,2.9,1.1,7.0,0.092,0.095,0.121,0.762,0.076
203081,Damian Lillard,1610612757,POR,28.0,6-3,75,195,Weber State,USA,2012,1,6,12,26.6,5.0,5.3,11.0,0.024,0.106,0.283,0.61,0.242
1627814,Damion Lee,1610612744,GSW,26.0,6-6,78,210,Louisville,USA,Undrafted,Undrafted,Undrafted,4,2.8,0.8,0.0,-17.1,0.0,0.103,0.212,0.564,0.0
1628422,Damyean Dotson,1610612752,NYK,24.0,6-6,78,210,Houston,USA,2017,2,44,11,12.1,5.5,1.2,-0.5,0.028,0.15,0.163,0.528,0.06
1628464,Daniel Theis,1610612738,BOS,26.0,6-8,80,243,None,Germany,Undrafted,Undrafted,Undrafted,5,6.0,3.4,0.8,17.6,0.096,0.127,0.183,0.617,0.111
201568,Danilo Gallinari,1610612746,LAC,30.0,6-10,82,225,None,Italy,2008,1,6,12,19.4,5.8,1.7,2.7,0.037,0.138,0.235,0.601,0.094
201980,Danny Green,1610612761,TOR,31.0,6-6,78,215,North Carolina,USA,2009,2,46,13,10.0,4.1,1.4,15.5,0.028,0.103,0.135,0.618,0.056
201967,Dante Cunningham,1610612759,SAS,31.0,6-8,80,230,Villanova,USA,2009,2,33,11,3.5,4.0,1.2,-0.8,0.047,0.137,0.083,0.505,0.074
203957,Dante Exum,1610612762,UTA,23.0,6-6,78,190,None,Australia,2014,1,5,12,7.9,1.8,2.2,2.3,0.025,0.081,0.204,0.535,0.21
203967,Dario Saric,1610612755,PHI,24.0,6-10,82,223,None,Croatia,2014,1,12,13,11.1,6.6,2.0,-3.0,0.05,0.138,0.175,0.496,0.097
203121,Darius Miller,1610612740,NOP,28.0,6-8,80,225,Kentucky,USA,2012,2,46,8,5.5,0.6,1.3,-3.8,0.007,0.027,0.102,0.723,0.097
201954,Darren Collison,1610612754,IND,31.0,6-0,72,175,UCLA,USA,2009,1,21,13,9.3,2.1,4.1,2.1,0.012,0.065,0.165,0.531,0.21
1629133,Daryl Macon,1610612742,DAL,22.0,6-3,75,185,Arkansas,USA,Undrafted,Undrafted,Undrafted,1,0.0,0.0,0.0,150.0,0.0,0.0,0.0,0.0,0.0
1628021,David Nwaba,1610612739,CLE,25.0,6-4,76,219,None,USA,Undrafted,Undrafted,Undrafted,8,3.0,1.3,0.4,-3.8,0.0,0.139,0.139,0.521,0.063
202722,Davis Bertans,1610612759,SAS,25.0,6-10,82,225,None,Latvia,2011,2,42,11,6.6,2.5,1.2,-4.2,0.028,0.1,0.125,0.675,0.103
1628368,De'Aaron Fox,1610612758,SAC,20.0,6-3,75,175,Kentucky,USA,2017,1,5,13,18.7,4.5,7.1,6.0,0.02,0.101,0.233,0.583,0.286
1629001,De'Anthony Melton,1610612756,PHX,20.0,6-4,76,200,Southern California,USA,2018,2,46,2,3.5,1.0,0.5,-38.0,0.0,0.105,0.25,0.292,0.077
201599,DeAndre Jordan,1610612742,DAL,30.0,6-11,83,265,Texas A&M,USA,2008,2,35,12,11.6,13.5,2.4,-5.4,0.086,0.328,0.137,0.693,0.106
1627761,DeAndre' Bembry,1610612737,ATL,24.0,6-6,78,210,Saint Joseph's,USA,2016,1,21,12,8.1,5.1,2.3,-4.0,0.025,0.158,0.165,0.474,0.131
201942,DeMar DeRozan,1610612759,SAS,29.0,6-7,79,220,Southern California,USA,2009,1,9,11,25.2,6.8,6.5,4.7,0.021,0.158,0.282,0.573,0.293
201960,DeMarre Carroll,1610612751,BKN,32.0,6-8,80,215,Missouri,USA,2009,1,27,2,7.5,3.0,0.5,3.0,0.033,0.238,0.211,0.593,0.048
1629152,DeVaughn Akoon-Purcell,1610612743,DEN,25.0,6-6,78,200,Illinois State,Trinidad and Tobago,Undrafted,Undrafted,Undrafted,3,1.0,0.3,0.0,-88.3,0.111,0.0,0.222,0.387,0.0
1629028,Deandre Ayton,1610612756,PHX,20.0,7-1,85,250,Arizona,Bahamas,2018,1,1,12,16.1,10.9,3.0,-9.7,0.09,0.27,0.198,0.629,0.161
1626153,Delon Wright,1610612761,TOR,26.0,6-5,77,183,Utah,USA,2015,1,20,8,5.9,2.0,1.0,-14.1,0.03,0.094,0.148,0.562,0.1
203471,Dennis Schroder,1610612760,OKC,25.0,6-1,73,172,None,Germany,2013,1,17,12,16.7,4.5,4.8,2.5,0.022,0.126,0.26,0.505,0.266
1628372,Dennis Smith Jr.,1610612742,DAL,20.0,6-3,75,195,North Carolina State,USA,2017,1,9,11,15.5,2.6,3.9,-9.7,0.029,0.062,0.252,0.538,0.216
1629126,Deonte Burton,1610612760,OKC,24.0,6-5,77,245,Iowa State,USA,Undrafted,Undrafted,Undrafted,3,1.7,0.3,0.0,-42.2,0.0,0.063,0.167,0.417,0.0
202324,Derrick Favors,1610612762,UTA,27.0,6-10,82,265,Georgia Tech,USA,2010,1,3,11,11.4,7.1,0.5,-10.3,0.143,0.168,0.194,0.596,0.043
1627884,Derrick Jones Jr.,1610612748,MIA,21.0,6-7,79,200,Nevada-Las Vegas,USA,Undrafted,Undrafted,Undrafted,9,5.8,2.9,0.6,-3.9,0.071,0.1,0.171,0.485,0.051
201565,Derrick Rose,1610612750,MIN,30.0,6-3,75,200,Memphis,USA,2008,1,1,12,18.8,3.7,4.7,3.3,0.034,0.076,0.255,0.559,0.239
1628401,Derrick White,1610612759,SAS,24.0,6-4,76,190,Colorado,USA,2017,1,29,2,7.0,2.5,5.5,11.6,0.0,0.079,0.186,0.478,0.393
1626164,Devin Booker,1610612756,PHX,22.0,6-6,78,210,Kentucky,USA,2015,1,13,9,24.9,3.8,6.4,-6.6,0.016,0.09,0.316,0.571,0.328
2734,Devin Harris,1610612742,DAL,35.0,6-3,75,185,Wisconsin,USA,2004,1,5,2,3.0,1.5,2.0,-7.5,0.0,0.158,0.133,0.5,0.286
1628984,Devonte' Graham,1610612766,CHA,23.0,6-2,74,185,Kansas,USA,2018,2,34,2,3.5,1.0,1.5,-17.4,0.0,0.1,0.159,0.583,0.214
203473,Dewayne Dedmon,1610612737,ATL,29.0,7-0,84,245,Southern California,USA,Undrafted,Undrafted,Undrafted,9,8.3,6.2,0.4,-7.0,0.045,0.245,0.166,0.574,0.035
1628415,Dillon Brooks,1610612763,MEM,22.0,6-6,78,220,Oregon,Canada,2017,2,45,11,6.8,2.1,0.9,-2.0,0.032,0.094,0.178,0.507,0.077
1627734,Domantas Sabonis,1610612754,IND,22.0,6-11,83,240,Gonzaga,Lithuania,2016,1,11,12,14.3,9.1,2.5,3.3,0.108,0.27,0.204,0.713,0.169
1628378,Donovan Mitchell,1610612762,UTA,22.0,6-3,75,215,Louisville,USA,2017,1,13,10,22.3,2.9,4.5,0.5,0.012,0.073,0.287,0.528,0.213
1628978,Donte DiVincenzo,1610612749,MIL,21.0,6-4,76,203,Villanova,USA,2018,1,17,12,7.1,3.5,1.6,13.4,0.027,0.122,0.152,0.532,0.105
1627827,Dorian Finney-Smith,1610612742,DAL,25.0,6-8,80,220,Florida,USA,Undrafted,Undrafted,Undrafted,12,8.6,4.1,0.8,-3.1,0.067,0.092,0.122,0.65,0.042
203926,Doug McDermott,1610612754,IND,26.0,6-8,80,225,Creighton,USA,2014,1,11,13,5.4,1.2,0.8,0.4,0.015,0.063,0.112,0.649,0.063
1627733,Dragan Bender,1610612756,PHX,20.0,7-1,85,225,None,Croatia,2016,1,4,4,1.0,1.3,0.0,-10.6,0.125,0.158,0.171,0.5,0.0
203110,Draymond Green,1610612744,GSW,28.0,6-7,79,230,Michigan State,USA,2012,2,35,11,7.6,7.2,7.9,14.4,0.036,0.187,0.142,0.546,0.305
1629234,Drew Eubanks,1610612759,SAS,21.0,6-10,82,245,None,USA,Undrafted,Undrafted,Undrafted,2,2.0,0.0,0.0,95.8,0.0,0.0,0.176,0.694,0.0
1629130,Duncan Robinson,1610612748,MIA,24.0,6-8,80,210,Michigan,USA,Undrafted,Undrafted,Undrafted,2,1.5,2.5,0.0,5.7,0.0,0.278,0.077,0.5,0.0
1628407,Dwayne Bacon,1610612766,CHA,23.0,6-7,79,221,Florida State,USA,2017,2,40,5,6.2,0.8,0.8,16.4,0.02,0.053,0.15,0.799,0.103
2730,Dwight Howard,1610612764,WAS,32.0,6-11,83,265,None,USA,2004,1,1,5,12.2,9.6,0.6,-4.2,0.107,0.224,0.167,0.618,0.03
203939,Dwight Powell,1610612742,DAL,27.0,6-11,83,240,Stanford,Canada,2014,2,45,12,8.6,3.6,0.9,2.8,0.063,0.187,0.174,0.737,0.094
2548,Dwyane Wade,1610612748,MIA,36.0,6-4,76,220,Marquette,USA,2003,1,5,9,14.3,4.0,2.9,-2.0,0.045,0.093,0.246,0.534,0.193
1629058,Dzanan Musa,1610612751,BKN,19.0,6-9,81,208,None,Bosnia and Herzegovina,2018,1,29,4,2.5,0.5,0.3,-12.8,0.043,0.083,0.277,0.46,0.125
202734,E'Twaun Moore,1610612740,NOP,29.0,6-4,76,191,Purdue,USA,2011,2,55,12,13.6,2.0,2.1,5.1,0.032,0.031,0.153,0.633,0.089
202334,Ed Davis,1610612751,BKN,29.0,6-10,82,225,North Carolina,USA,2010,1,13,13,5.6,7.8,0.7,1.3,0.14,0.292,0.124,0.606,0.059
1628410,Edmond Sumner,1610612754,IND,22.0,6-6,78,176,Xavier,USA,2017,2,52,5,0.4,0.2,0.2,-27.1,0.048,0.0,0.115,0.205,0.063
202327,Ekpe Udoh,1610612762,UTA,31.0,6-10,82,245,Baylor,USA,2010,1,6,8,1.0,0.9,0.4,5.6,0.033,0.158,0.083,0.862,0.111
203901,Elfrid Payton,1610612740,NOP,24.0,6-4,76,185,Louisiana-Lafayette,USA,2014,1,10,5,11.6,6.0,6.4,7.7,0.046,0.155,0.172,0.549,0.271
1629059,Elie Okobo,1610612756,PHX,21.0,6-2,74,180,None,France,2018,2,31,10,6.4,1.6,2.0,-15.9,0.013,0.095,0.208,0.491,0.244
1626144,Emmanuel Mudiay,1610612752,NYK,22.0,6-5,77,200,None,Democratic Republic of the Congo,2015,1,7,6,8.2,3.0,2.3,5.4,0.063,0.086,0.176,0.514,0.163
202683,Enes Kanter,1610612752,NYK,26.0,6-11,83,250,Kentucky,Turkey,2011,1,3,13,15.4,11.9,2.2,-7.1,0.143,0.301,0.231,0.587,0.144
202339,Eric Bledsoe,1610612749,MIL,28.0,6-1,73,205,Kentucky,USA,2010,1,18,12,14.0,4.3,6.2,12.2,0.045,0.088,0.206,0.561,0.297
201569,Eric Gordon,1610612745,HOU,29.0,6-4,76,215,Indiana,USA,2008,1,7,8,16.0,3.5,1.8,-3.9,0.019,0.082,0.242,0.433,0.085
101141,Ersan Ilyasova,1610612749,MIL,31.0,6-10,82,235,None,Turkey,2005,2,36,12,8.7,6.8,1.4,15.4,0.062,0.185,0.13,0.624,0.076
203095,Evan Fournier,1610612753,ORL,26.0,6-7,79,205,None,France,2012,1,20,12,16.5,2.8,4.4,-2.9,0.008,0.085,0.254,0.504,0.229
202323,Evan Turner,1610612757,POR,30.0,6-7,79,220,Ohio State,USA,2010,1,2,12,10.1,5.1,4.3,14.1,0.013,0.151,0.179,0.549,0.24
1628402,Frank Jackson,1610612740,NOP,20.0,6-3,75,205,Duke,USA,2017,2,31,8,4.6,0.5,0.6,-6.7,0.0,0.043,0.172,0.487,0.072
1626163,Frank Kaminsky,1610612766,CHA,25.0,7-0,84,242,Wisconsin,USA,2015,1,9,4,1.0,1.0,0.5,9.9,0.0,0.182,0.192,0.286,0.095
1628412,Frank Mason,1610612758,SAC,24.0,5-11,71,190,Kansas,USA,2017,2,34,12,6.7,1.7,3.7,-16.4,0.009,0.094,0.195,0.5,0.333
1628373,Frank Ntilikina,1610612752,NYK,20.0,6-6,78,200,None,France,2017,1,8,13,7.8,1.8,3.8,-8.3,0.003,0.064,0.158,0.454,0.197
1627832,Fred VanVleet,1610612761,TOR,24.0,6-0,72,195,Wichita State,USA,Undrafted,Undrafted,Undrafted,9,9.9,2.7,4.6,3.7,0.013,0.085,0.206,0.474,0.277
1627788,Furkan Korkmaz,1610612755,PHI,21.0,6-7,79,190,None,Turkey,2016,1,26,7,2.6,1.3,0.3,-0.9,0.02,0.119,0.142,0.567,0.054
202066,Garrett Temple,1610612763,MEM,32.0,6-6,78,195,Louisiana State,USA,Undrafted,Undrafted,Undrafted,11,12.8,3.3,1.0,7.1,0.014,0.095,0.16,0.617,0.051
1629109,Gary Clark,1610612745,HOU,23.0,6-8,80,225,None,USA,Undrafted,Undrafted,Undrafted,10,4.0,2.7,0.2,-5.0,0.018,0.158,0.125,0.496,0.026
203914,Gary Harris,1610612743,DEN,24.0,6-4,76,210,Michigan State,USA,2014,1,19,12,17.3,3.7,3.2,11.7,0.029,0.076,0.213,0.527,0.139
1629018,Gary Trent Jr.,1610612757,POR,19.0,6-6,78,205,None,USA,Undrafted,Undrafted,Undrafted,1,2.0,2.0,0.0,-16.7,0.0,0.2,0.263,0.25,0.0
201588,George Hill,1610612739,CLE,32.0,6-3,75,188,Indiana Purdue-Indianapolis,USA,2008,1,26,10,12.6,1.9,3.0,-6.2,0.029,0.045,0.175,0.649,0.164
1627777,Georges Niang,1610612762,UTA,25.0,6-8,80,230,Iowa State,USA,2016,2,50,12,3.8,1.6,0.4,-8.1,0.032,0.158,0.15,0.699,0.088
101123,Gerald Green,1610612745,HOU,32.0,6-7,79,205,None,USA,2005,1,18,11,7.0,2.8,0.5,-0.2,0.036,0.111,0.176,0.481,0.047
203507,Giannis Antetokounmpo,1610612749,MIL,23.0,6-11,83,242,None,Greece,2013,1,15,11,25.7,13.4,5.5,13.9,0.084,0.277,0.328,0.584,0.277
203922,Glenn Robinson III,1610612765,DET,24.0,6-6,78,222,Michigan,USA,2014,2,40,10,6.4,1.5,0.2,9.6,0.011,0.068,0.147,0.597,0.02
201609,Goran Dragic,1610612748,MIA,32.0,6-3,75,190,None,Slovenia,2008,2,45,9,16.1,3.7,4.9,5.3,0.025,0.082,0.23,0.509,0.229
202330,Gordon Hayward,1610612738,BOS,28.0,6-8,80,225,Butler,USA,2010,1,9,11,10.2,5.2,2.6,0.0,0.032,0.161,0.19,0.495,0.168
203476,Gorgui Dieng,1610612750,MIN,28.0,6-11,83,252,Louisville,Senegal,2013,1,21,13,6.3,4.8,0.8,-7.6,0.077,0.263,0.195,0.566,0.088
1628960,Grayson Allen,1610612762,UTA,23.0,6-5,77,198,Duke,USA,2018,1,21,8,5.0,0.3,0.4,3.9,0.0,0.022,0.175,0.576,0.051
202328,Greg Monroe,1610612761,TOR,28.0,6-11,83,265,Georgetown,USA,2010,1,7,5,2.0,1.8,0.2,-10.3,0.138,0.227,0.197,0.455,0.056
1627824,Guerschon Yabusele,1610612738,BOS,22.0,6-8,80,260,None,France,2016,1,16,7,0.6,1.0,0.1,-25.9,0.097,0.138,0.129,0.286,0.1
1628977,Hamidou Diallo,1610612760,OKC,20.0,6-5,77,198,Kentucky,USA,2018,2,45,11,5.3,2.5,0.4,-8.7,0.079,0.11,0.172,0.5,0.044
203084,Harrison Barnes,1610612742,DAL,26.0,6-8,80,225,North Carolina,USA,2012,1,7,8,14.5,4.9,1.3,-12.6,0.025,0.136,0.231,0.487,0.069
1628385,Harry Giles III,1610612758,SAC,20.0,6-10,82,240,Duke,USA,2017,1,20,9,3.6,2.7,0.6,-39.4,0.064,0.172,0.24,0.363,0.104
202355,Hassan Whiteside,1610612748,MIA,29.0,7-0,84,265,Marshall,USA,2010,2,33,11,14.0,15.5,0.6,1.1,0.12,0.352,0.196,0.548,0.033
1627740,Henry Ellenson,1610612765,DET,21.0,6-11,83,245,Marquette,USA,2016,1,18,1,7.0,3.0,0.0,27.1,0.0,0.333,0.353,0.595,0.0
203546,Ian Clark,1610612740,NOP,27.0,6-3,75,175,Belmont,USA,Undrafted,Undrafted,Undrafted,11,5.5,1.5,1.2,-8.2,0.005,0.074,0.145,0.548,0.1
101133,Ian Mahinmi,1610612764,WAS,32.0,6-11,83,262,None,France,2005,1,28,8,4.4,3.6,0.4,-17.6,0.085,0.145,0.132,0.575,0.041
1628387,Ike Anigbogu,1610612754,IND,20.0,6-10,82,250,California-Los Angeles,USA,2017,2,47,1,0.0,1.0,0.0,-107.1,0.0,0.2,0.429,0.0,0.0
202697,Iman Shumpert,1610612758,SAC,28.0,6-5,77,215,Georgia Tech,USA,2011,1,17,11,9.4,3.1,2.0,-7.4,0.007,0.109,0.148,0.564,0.105
1628515,Isaiah Briscoe,1610612753,ORL,22.0,6-3,75,215,None,USA,Undrafted,Undrafted,Undrafted,4,2.5,0.5,1.3,0.0,0.0,0.065,0.176,0.406,0.238
203477,Isaiah Canaan,1610612756,PHX,27.0,6-0,72,200,Murray State,USA,2013,2,34,11,9.3,3.2,3.5,-11.9,0.013,0.098,0.159,0.526,0.183
1628392,Isaiah Hartenstein,1610612745,HOU,20.0,7-0,84,249,None,Germany,2017,2,43,10,2.1,1.7,0.6,9.8,0.115,0.088,0.144,0.509,0.111
202397,Ish Smith,1610612765,DET,30.0,6-0,72,175,Wake Forest,USA,Undrafted,Undrafted,Undrafted,11,10.2,2.2,3.4,2.8,0.003,0.072,0.161,0.518,0.175
1628397,Ivan Rabb,1610612763,MEM,21.0,6-10,82,220,California,USA,2017,2,35,7,2.7,2.4,0.7,-0.1,0.081,0.304,0.196,0.669,0.156
1627826,Ivica Zubac,1610612747,LAL,21.0,7-1,85,240,None,Croatia,2016,2,32,5,2.8,3.8,0.4,14.0,0.231,0.208,0.152,0.509,0.069
200826,J.J. Barea,1610612742,DAL,34.0,6-0,72,185,Northeastern,Puerto Rico,Undrafted,Undrafted,Undrafted,12,8.8,2.1,5.9,5.3,0.021,0.098,0.246,0.431,0.483
200755,JJ Redick,1610612755,PHI,34.0,6-4,76,200,Duke,USA,2006,1,11,14,17.4,2.5,3.4,4.1,0.011,0.057,0.216,0.562,0.174
2747,JR Smith,1610612739,CLE,33.0,6-6,78,225,None,USA,2004,1,18,8,6.6,1.6,1.6,-8.9,0.0,0.094,0.174,0.486,0.124
203210,JaMychal Green,1610612763,MEM,28.0,6-9,81,227,Alabama,USA,Undrafted,Undrafted,Undrafted,2,7.5,6.0,2.0,-20.0,0.078,0.222,0.206,0.472,0.222
201580,JaVale McGee,1610612747,LAL,30.0,7-0,84,270,Nevada,USA,2008,1,18,12,14.2,7.3,1.1,2.2,0.107,0.148,0.189,0.655,0.057
203953,Jabari Parker,1610612741,CHI,23.0,6-8,80,245,Duke,USA,2014,1,2,13,14.7,6.7,2.0,-7.2,0.034,0.165,0.229,0.51,0.108
1628980,Jacob Evans,1610612744,GSW,21.0,6-6,78,210,Cincinnati,USA,2018,1,28,8,0.5,0.5,1.0,-8.3,0.02,0.056,0.113,0.182,0.2
203109,Jae Crowder,1610612762,UTA,28.0,6-6,78,235,Marquette,USA,2012,2,34,12,14.7,5.5,1.8,2.7,0.03,0.151,0.179,0.593,0.089
1626143,Jahlil Okafor,1610612740,NOP,22.0,6-11,83,275,Duke,USA,2015,1,3,7,4.3,2.6,0.1,-13.2,0.164,0.14,0.233,0.524,0.03
1627774,Jake Layman,1610612757,POR,24.0,6-9,81,215,Maryland,USA,2016,2,47,12,5.3,2.6,0.3,-1.4,0.048,0.116,0.131,0.629,0.025
1627751,Jakob Poeltl,1610612759,SAS,23.0,7-0,84,230,Utah,Austria,2016,1,9,7,1.9,3.4,0.9,-6.7,0.178,0.129,0.091,0.472,0.118
1628973,Jalen Brunson,1610612742,DAL,22.0,6-3,75,190,Villanova,USA,2018,2,33,12,4.4,1.2,1.3,0.0,0.006,0.092,0.16,0.467,0.129
2037,Jamal Crawford,1610612756,PHX,38.0,6-5,77,185,Michigan,USA,2000,1,8,10,3.2,0.5,1.0,-35.2,0.0,0.061,0.172,0.479,0.182
1627750,Jamal Murray,1610612743,DEN,21.0,6-4,76,207,Kentucky,Canada,2016,1,7,12,18.3,4.3,3.8,8.1,0.021,0.101,0.227,0.535,0.176
203516,James Ennis III,1610612745,HOU,28.0,6-7,79,210,Long Beach State,USA,2013,2,50,8,7.1,2.0,0.6,-4.3,0.054,0.038,0.134,0.558,0.043
201935,James Harden,1610612745,HOU,29.0,6-5,77,220,Arizona State,USA,2009,1,3,8,26.4,5.5,7.1,-5.4,0.016,0.145,0.332,0.566,0.365
203263,James Nunnally,1610612750,MIN,28.0,6-7,79,208,California-Santa Barbara,USA,Undrafted,Undrafted,Undrafted,5,3.2,0.6,0.6,0.0,0.0,0.067,0.152,0.581,0.1
201162,Jared Dudley,1610612751,BKN,33.0,6-7,79,237,Boston College,USA,2007,1,22,13,5.0,3.1,2.1,0.0,0.031,0.09,0.106,0.497,0.112
1629123,Jared Terrell,1610612750,MIN,23.0,6-3,75,227,Rhode Island,USA,Undrafted,Undrafted,Undrafted,1,4.0,1.0,1.0,-22.7,0.0,0.038,0.229,0.225,0.111
1626185,Jarell Martin,1610612753,ORL,24.0,6-10,82,239,Louisiana State,USA,2015,1,25,7,2.7,2.1,0.7,-4.2,0.025,0.167,0.158,0.375,0.094
1628991,Jaren Jackson Jr.,1610612763,MEM,19.0,6-11,83,242,Michigan State,USA,2018,1,4,11,11.6,4.5,1.3,-4.1,0.057,0.13,0.214,0.528,0.087
1628386,Jarrett Allen,1610612751,BKN,20.0,6-11,83,237,Texas,USA,2017,1,22,13,11.4,7.8,1.8,-0.1,0.096,0.189,0.171,0.626,0.099
201160,Jason Smith,1610612764,WAS,32.0,7-0,84,240,Colorado State,USA,2007,1,20,8,4.1,3.6,1.0,-13.8,0.087,0.202,0.146,0.523,0.133
1629121,Jaylen Adams,1610612737,ATL,22.0,6-2,74,190,St. Bonaventure,USA,Undrafted,Undrafted,Undrafted,4,0.8,0.5,0.3,22.6,0.0,0.133,0.111,0.375,0.091
1627759,Jaylen Brown,1610612738,BOS,22.0,6-7,79,220,California,USA,2016,1,3,11,11.7,4.5,1.4,-0.6,0.041,0.097,0.203,0.443,0.069
1628369,Jayson Tatum,1610612738,BOS,20.0,6-8,80,208,Duke,USA,2017,1,3,12,15.2,6.9,2.8,9.3,0.036,0.157,0.212,0.522,0.126
201145,Jeff Green,1610612764,WAS,32.0,6-9,81,235,Georgetown,USA,2007,1,5,12,10.6,5.1,0.9,-6.3,0.064,0.132,0.172,0.598,0.057
201952,Jeff Teague,1610612750,MIN,30.0,6-2,74,195,Wake Forest,USA,2009,1,19,7,12.7,2.4,6.9,-9.0,0.004,0.069,0.19,0.493,0.32
203924,Jerami Grant,1610612760,OKC,24.0,6-9,81,220,Syracuse,USA,2014,2,39,12,11.3,5.0,1.5,6.4,0.031,0.128,0.146,0.57,0.069
203087,Jeremy Lamb,1610612766,CHA,26.0,6-5,77,185,Connecticut,USA,2012,1,12,12,12.4,4.3,1.5,3.4,0.028,0.14,0.204,0.538,0.09
202391,Jeremy Lin,1610612737,ATL,30.0,6-3,75,200,Harvard,USA,Undrafted,Undrafted,Undrafted,12,9.8,1.8,2.7,-4.2,0.0,0.093,0.227,0.623,0.239
1626170,Jerian Grant,1610612753,ORL,26.0,6-4,76,205,Notre Dame,USA,2015,1,19,12,5.4,2.3,3.3,-14.2,0.025,0.08,0.142,0.486,0.238
1629010,Jerome Robinson,1610612746,LAC,21.0,6-5,77,190,Boston College,USA,2018,1,13,7,2.9,0.4,0.1,9.3,0.0,0.081,0.214,0.588,0.037
202710,Jimmy Butler,1610612750,MIN,29.0,6-8,80,232,Marquette,USA,2011,1,30,10,21.3,5.2,4.3,-8.1,0.039,0.098,0.223,0.579,0.198
203925,Joe Harris,1610612751,BKN,27.0,6-6,78,218,Virginia,USA,2014,2,33,13,14.0,3.2,2.2,3.7,0.027,0.079,0.163,0.735,0.112
204060,Joe Ingles,1610612762,UTA,31.0,6-8,80,226,None,Australia,Undrafted,Undrafted,Undrafted,12,13.8,4.3,4.4,5.4,0.007,0.12,0.181,0.574,0.195
203954,Joel Embiid,1610612755,PHI,24.0,7-0,84,250,Kansas,Cameroon,2014,1,3,14,27.7,13.1,3.6,5.2,0.059,0.26,0.31,0.59,0.186
203089,John Henson,1610612749,MIL,27.0,6-11,83,219,North Carolina,USA,2012,1,14,12,6.3,5.6,1.0,4.6,0.078,0.227,0.17,0.572,0.099
204066,John Holland,1610612739,CLE,30.0,6-5,77,205,Boston U.,USA,Undrafted,Undrafted,Undrafted,1,0.0,0.0,0.0,50.0,0.0,0.0,0.0,0.0,0.0
202322,John Wall,1610612764,WAS,28.0,6-4,76,210,Kentucky,USA,2010,1,1,12,21.8,3.3,8.1,-3.4,0.016,0.074,0.277,0.542,0.353
1629140,Johnathan Williams,1610612747,LAL,23.0,6-9,81,228,Gonzaga,USA,Undrafted,Undrafted,Undrafted,6,3.8,3.5,0.7,-5.4,0.121,0.132,0.106,0.542,0.059
202720,Jon Leuer,1610612765,DET,29.0,6-10,82,228,Wisconsin,USA,2011,2,40,4,2.5,2.5,0.0,-33.6,0.06,0.219,0.105,0.465,0.0
1628413,Jonah Bolden,1610612755,PHI,22.0,6-10,82,220,None,Australia,2017,2,36,6,1.7,1.5,0.3,21.5,0.0,0.173,0.139,0.421,0.065
201973,Jonas Jerebko,1610612744,GSW,31.0,6-10,82,231,None,Sweden,2009,2,39,13,6.7,4.3,1.5,13.6,0.063,0.187,0.151,0.589,0.105
202685,Jonas Valanciunas,1610612761,TOR,26.0,7-0,84,265,None,Lithuania,2011,1,5,13,13.8,7.6,1.1,6.6,0.103,0.253,0.259,0.627,0.088
1628371,Jonathan Isaac,1610612753,ORL,21.0,6-10,82,210,Florida State,USA,2017,1,6,8,7.1,5.4,0.5,-10.1,0.051,0.178,0.148,0.493,0.033
203613,Jonathon Simmons,1610612753,ORL,29.0,6-6,78,195,Houston,USA,Undrafted,Undrafted,Undrafted,10,7.1,2.7,2.0,-11.1,0.032,0.081,0.194,0.39,0.137
1628395,Jordan Bell,1610612744,GSW,23.0,6-9,81,224,Oregon,USA,2017,2,38,12,2.3,2.9,0.9,-3.3,0.036,0.149,0.072,0.584,0.086
203903,Jordan Clarkson,1610612739,CLE,26.0,6-5,77,194,Missouri,USA,2014,2,46,12,15.2,3.1,1.8,-16.9,0.042,0.085,0.263,0.534,0.148
1628070,Jordan Loyd,1610612761,TOR,25.0,6-4,76,210,None,USA,Undrafted,Undrafted,Undrafted,1,0.0,1.0,0.0,160.0,0.143,0.0,0.0,0.0,0.0
203895,Jordan McRae,1610612764,WAS,27.0,6-5,77,179,Tennessee,USA,2014,2,58,4,0.5,1.0,0.5,-23.1,0.0,0.182,0.121,0.143,0.182
101181,Jose Calderon,1610612765,DET,37.0,6-3,75,200,None,Spain,Undrafted,Undrafted,Undrafted,8,2.5,1.0,1.3,1.8,0.023,0.046,0.097,0.448,0.141
1628404,Josh Hart,1610612747,LAL,23.0,6-5,77,215,Villanova,USA,2017,1,30,12,12.0,4.0,1.3,7.6,0.014,0.118,0.152,0.63,0.057
1628367,Josh Jackson,1610612756,PHX,21.0,6-8,80,200,Kansas,USA,2017,1,4,12,7.1,2.1,1.7,-22.1,0.005,0.115,0.241,0.464,0.161
1629006,Josh Okogie,1610612750,MIN,20.0,6-4,76,212,Georgia Tech,Nigeria,2018,1,20,11,8.5,4.1,1.2,-8.3,0.032,0.11,0.159,0.45,0.063
1626196,Josh Richardson,1610612748,MIA,25.0,6-6,78,200,Tennessee,USA,2015,2,40,12,20.8,4.0,3.5,6.0,0.028,0.077,0.239,0.547,0.162
201950,Jrue Holiday,1610612740,NOP,28.0,6-4,76,205,UCLA,USA,2009,1,17,12,18.8,4.7,8.8,3.1,0.027,0.093,0.23,0.54,0.341
1627823,Juancho Hernangomez,1610612743,DEN,23.0,6-9,81,230,None,Spain,2016,1,15,11,6.4,3.9,0.5,4.6,0.073,0.12,0.116,0.637,0.034
203944,Julius Randle,1610612740,NOP,23.0,6-9,81,250,Kentucky,USA,2014,1,7,12,18.0,7.9,2.3,-5.3,0.074,0.223,0.266,0.623,0.154
203200,Justin Holiday,1610612741,CHI,29.0,6-6,78,181,Washington,USA,Undrafted,Undrafted,Undrafted,13,11.6,3.8,2.3,-14.0,0.006,0.095,0.13,0.562,0.1
1628382,Justin Jackson,1610612758,SAC,23.0,6-8,80,210,North Carolina,USA,2017,1,15,13,6.7,2.7,1.7,-1.1,0.016,0.093,0.126,0.495,0.093
1626159,Justise Winslow,1610612748,MIA,22.0,6-7,79,225,Duke,USA,2015,1,10,8,10.4,4.8,4.4,-10.0,0.043,0.104,0.191,0.427,0.227
203994,Jusuf Nurkic,1610612757,POR,24.0,7-0,84,275,None,Bosnia & Herzegovina,2014,1,16,12,15.1,9.9,1.8,13.2,0.143,0.224,0.247,0.581,0.107
1626157,Karl-Anthony Towns,1610612750,MIN,22.0,7-0,84,248,Kentucky,USA,2015,1,1,13,19.9,10.8,2.1,-5.3,0.079,0.22,0.241,0.588,0.097
202695,Kawhi Leonard,1610612761,TOR,27.0,6-7,79,230,San Diego State,USA,2011,1,15,9,24.4,7.9,3.2,14.6,0.045,0.172,0.29,0.6,0.144
1628966,Keita Bates-Diop,1610612750,MIN,22.0,6-9,81,229,Ohio State,USA,2018,2,48,2,2.0,1.5,0.0,-10.5,0.0,0.136,0.186,0.25,0.0
203482,Kelly Olynyk,1610612748,MIA,27.0,7-0,84,240,Gonzaga,Canada,2013,1,13,12,8.9,3.0,2.3,-2.2,0.034,0.122,0.171,0.641,0.183
1626162,Kelly Oubre Jr.,1610612764,WAS,22.0,6-7,79,205,Kansas,USA,2015,1,15,12,13.0,4.5,0.6,-12.5,0.027,0.139,0.204,0.55,0.035
202689,Kemba Walker,1610612766,CHA,28.0,6-1,73,184,Connecticut,USA,2011,1,9,12,28.3,4.4,6.2,7.6,0.011,0.114,0.304,0.595,0.311
202702,Kenneth Faried,1610612751,BKN,28.0,6-8,80,220,Morehead State,USA,2011,1,22,5,3.2,2.6,0.0,-7.3,0.152,0.421,0.194,0.784,0.0
1629026,Kenrich Williams,1610612740,NOP,23.0,6-7,79,210,None,USA,Undrafted,Undrafted,Undrafted,5,1.0,1.0,0.0,15.0,0.0,0.179,0.078,0.5,0.0
203145,Kent Bazemore,1610612737,ATL,29.0,6-5,77,201,Old Dominion,USA,Undrafted,Undrafted,Undrafted,12,14.1,4.3,2.1,-10.3,0.027,0.114,0.208,0.555,0.121
203484,Kentavious Caldwell-Pope,1610612747,LAL,25.0,6-5,77,205,Georgia,USA,2013,1,8,12,6.0,1.8,0.3,2.0,0.004,0.086,0.136,0.5,0.021
201142,Kevin Durant,1610612744,GSW,30.0,6-9,81,240,Texas,USA,2007,1,2,13,26.9,7.2,6.5,17.3,0.008,0.181,0.281,0.659,0.272
1628989,Kevin Huerter,1610612737,ATL,20.0,6-7,79,190,Maryland,USA,2018,1,19,11,5.5,3.7,1.7,4.8,0.034,0.145,0.116,0.571,0.123
1628995,Kevin Knox,1610612752,NYK,19.0,6-9,81,215,Kentucky,USA,2018,1,9,6,7.0,1.3,0.3,-14.6,0.034,0.043,0.229,0.396,0.033
201567,Kevin Love,1610612739,CLE,30.0,6-10,82,251,UCLA,USA,2008,1,5,4,19.0,13.5,3.5,-12.0,0.062,0.319,0.251,0.478,0.147
1626172,Kevon Looney,1610612744,GSW,22.0,6-9,81,220,UCLA,USA,2015,1,30,13,5.8,4.9,1.3,18.1,0.114,0.155,0.116,0.684,0.094
203920,Khem Birch,1610612753,ORL,26.0,6-9,81,233,Nevada-Las Vegas,Canada,Undrafted,Undrafted,Undrafted,3,2.0,2.0,0.0,9.6,0.0,0.231,0.086,0.6,0.0
203114,Khris Middleton,1610612749,MIL,27.0,6-8,80,222,Texas A&M,USA,2012,2,39,12,18.8,5.0,4.3,17.7,0.016,0.132,0.238,0.604,0.193
1629017,Khyri Thomas,1610612765,DET,22.0,6-3,75,210,Creighton,USA,2018,2,38,1,3.0,0.0,0.0,-105.4,0.0,0.0,0.444,0.5,0.0
202691,Klay Thompson,1610612744,GSW,28.0,6-7,79,215,Washington State,USA,2011,1,11,13,21.0,3.6,1.6,7.3,0.016,0.093,0.266,0.56,0.069
201585,Kosta Koufos,1610612758,SAC,29.0,7-0,84,245,Ohio State,USA,2008,1,23,7,4.0,5.4,1.0,-2.7,0.066,0.25,0.119,0.519,0.108
1627739,Kris Dunn,1610612741,CHI,24.0,6-4,76,205,Providence,USA,2016,1,5,1,9.0,4.0,7.0,0.2,0.0,0.133,0.27,0.346,0.333
203937,Kyle Anderson,1610612763,MEM,25.0,6-9,81,230,UCLA,USA,2014,1,30,11,5.6,6.2,2.1,-1.0,0.05,0.2,0.123,0.467,0.122
2594,Kyle Korver,1610612739,CLE,37.0,6-7,79,212,Creighton,USA,2003,2,51,11,5.5,1.5,1.4,-7.2,0.0,0.106,0.153,0.616,0.139
1628398,Kyle Kuzma,1610612747,LAL,23.0,6-9,81,220,Utah,USA,2017,1,27,12,18.5,4.7,1.7,-3.0,0.017,0.118,0.221,0.563,0.073
200768,Kyle Lowry,1610612761,TOR,32.0,6-1,73,196,Villanova,USA,2006,1,24,13,17.2,4.2,11.0,16.3,0.022,0.091,0.198,0.634,0.411
203124,Kyle O'Quinn,1610612754,IND,28.0,6-10,82,250,Norfolk State,USA,2012,2,49,7,4.0,2.6,1.1,16.1,0.133,0.218,0.254,0.568,0.235
202681,Kyrie Irving,1610612738,BOS,26.0,6-3,75,193,Duke,Australia,2011,1,1,11,21.0,5.0,5.4,1.5,0.026,0.112,0.259,0.594,0.281
200746,LaMarcus Aldridge,1610612759,SAS,33.0,6-11,83,260,Texas,USA,2006,1,2,11,19.4,9.8,2.9,1.5,0.101,0.17,0.265,0.488,0.127
202362,Lance Stephenson,1610612747,LAL,28.0,6-6,78,230,Cincinnati,USA,2010,2,40,12,8.8,3.6,2.1,3.5,0.035,0.155,0.217,0.552,0.184
202498,Lance Thomas,1610612752,NYK,30.0,6-8,80,240,Duke,USA,Undrafted,Undrafted,Undrafted,11,3.9,2.2,0.5,-3.8,0.023,0.117,0.127,0.469,0.046
1629013,Landry Shamet,1610612755,PHI,21.0,6-5,77,188,Wichita State,USA,2018,1,26,14,7.3,1.1,1.1,-6.7,0.01,0.038,0.14,0.525,0.079
204038,Langston Galloway,1610612765,DET,26.0,6-2,74,200,Saint Joseph's,USA,Undrafted,Undrafted,Undrafted,10,9.2,2.8,1.3,-1.4,0.018,0.099,0.131,0.589,0.078
1626204,Larry Nance Jr.,1610612739,CLE,25.0,6-9,81,230,Wyoming,USA,2015,1,27,10,7.3,6.1,2.5,-15.4,0.085,0.23,0.18,0.479,0.188
2544,LeBron James,1610612747,LAL,33.0,6-8,80,250,None,USA,2003,1,1,12,26.4,7.8,7.3,-2.3,0.023,0.186,0.289,0.594,0.32
1628366,Lonzo Ball,1610612747,LAL,21.0,6-6,78,190,California-Los Angeles,USA,2017,1,2,12,8.6,4.7,4.4,-8.2,0.029,0.146,0.153,0.521,0.219
203485,Lorenzo Brown,1610612761,TOR,28.0,6-5,77,189,North Carolina State,USA,2013,2,52,9,2.2,1.1,0.9,-8.9,0.013,0.108,0.17,0.417,0.178
101150,Lou Williams,1610612746,LAC,32.0,6-1,73,175,None,USA,2005,2,45,12,18.6,2.3,4.1,8.0,0.017,0.063,0.298,0.56,0.238
201601,Luc Mbah a Moute,1610612746,LAC,32.0,6-8,80,230,UCLA,Cameroon,2008,2,37,4,5.0,1.8,0.5,7.0,0.034,0.065,0.139,0.495,0.045
1629029,Luka Doncic,1610612742,DAL,19.0,6-7,79,218,None,Slovenia,2018,1,3,12,20.3,6.5,4.5,-2.5,0.029,0.162,0.251,0.604,0.212
1628379,Luke Kennard,1610612765,DET,22.0,6-5,77,206,Duke,USA,2017,1,12,3,5.7,1.7,1.0,-3.3,0.0,0.125,0.133,0.708,0.107
1628436,Luke Kornet,1610612752,NYK,23.0,7-1,85,250,Vanderbilt,USA,Undrafted,Undrafted,Undrafted,4,0.0,0.0,0.5,-19.0,0.0,0.0,0.091,0.0,0.333
2736,Luol Deng,1610612750,MIN,33.0,6-9,81,237,Duke,United Kingdom,2004,1,7,2,2.5,5.0,0.0,4.7,0.156,0.227,0.216,0.253,0.0
1627781,Malachi Richardson,1610612761,TOR,22.0,6-6,78,205,Syracuse,USA,2016,1,22,7,1.0,0.6,0.0,-8.8,0.021,0.077,0.125,0.322,0.0
1627763,Malcolm Brogdon,1610612749,MIL,25.0,6-5,77,229,Virginia,USA,2016,2,36,12,13.9,3.8,3.3,10.1,0.026,0.083,0.169,0.611,0.153
1627736,Malik Beasley,1610612743,DEN,21.0,6-5,77,195,Florida State,USA,2016,1,19,12,6.0,2.1,0.8,6.5,0.008,0.104,0.146,0.504,0.065
1628370,Malik Monk,1610612766,CHA,20.0,6-3,75,200,Kentucky,USA,2017,1,11,12,13.3,1.7,2.8,1.8,0.013,0.056,0.241,0.512,0.167
202705,MarShon Brooks,1610612763,MEM,29.0,6-5,77,200,Providence,USA,2011,1,25,10,7.5,1.8,0.8,3.3,0.05,0.097,0.239,0.568,0.105
201188,Marc Gasol,1610612763,MEM,33.0,7-1,85,255,None,Spain,2007,2,48,11,14.7,9.2,4.4,7.2,0.041,0.253,0.206,0.529,0.214
101162,Marcin Gortat,1610612746,LAC,34.0,6-11,83,240,None,Poland,2005,2,57,9,3.9,5.3,1.6,-5.5,0.076,0.199,0.122,0.502,0.14
201158,Marco Belinelli,1610612759,SAS,32.0,6-5,77,210,None,Italy,2007,1,18,11,11.2,2.1,1.7,3.5,0.011,0.074,0.212,0.521,0.115
1629094,Marcus Derrickson,1610612744,GSW,22.0,6-7,79,249,None,USA,Undrafted,Undrafted,Undrafted,1,2.0,1.0,0.0,-51.5,0.0,0.143,0.182,0.5,0.0
202694,Marcus Morris,1610612738,BOS,29.0,6-9,81,235,Kansas,USA,2011,1,14,12,15.0,6.8,1.3,-0.6,0.027,0.219,0.215,0.651,0.081
203935,Marcus Smart,1610612738,BOS,24.0,6-4,76,220,Oklahoma State,USA,2014,1,6,12,5.8,2.8,4.3,8.7,0.021,0.079,0.127,0.486,0.24
1626209,Mario Hezonja,1610612752,NYK,23.0,6-8,80,225,None,Croatia,2015,1,5,13,9.2,3.6,1.2,-5.7,0.01,0.173,0.233,0.461,0.096
1628365,Markelle Fultz,1610612755,PHI,20.0,6-4,76,200,Washington,USA,2017,1,1,14,9.3,3.9,3.4,0.8,0.055,0.087,0.191,0.46,0.21
202693,Markieff Morris,1610612764,WAS,29.0,6-10,82,245,Kansas,USA,2011,1,13,11,10.1,4.5,2.2,-10.0,0.028,0.142,0.176,0.537,0.119
1627737,Marquese Chriss,1610612745,HOU,21.0,6-10,82,240,Washington,USA,2016,1,8,3,2.0,1.3,0.3,-12.3,0.05,0.188,0.289,0.3,0.125
1628963,Marvin Bagley III,1610612758,SAC,19.0,6-11,83,234,Duke,USA,2018,1,2,13,12.3,5.8,0.8,-8.8,0.094,0.133,0.231,0.56,0.056
101107,Marvin Williams,1610612766,CHA,32.0,6-9,81,237,North Carolina,USA,2005,1,2,12,7.3,4.5,0.9,5.0,0.027,0.161,0.152,0.481,0.055
203486,Mason Plumlee,1610612743,DEN,28.0,6-11,83,235,Duke,USA,2013,1,22,12,7.3,4.9,1.4,7.9,0.1,0.16,0.171,0.598,0.128
203521,Matthew Dellavedova,1610612749,MIL,28.0,6-4,76,200,Saint Mary's (CA),Australia,Undrafted,Undrafted,Undrafted,6,1.8,1.0,2.0,-25.8,0.0,0.1,0.158,0.506,0.5
203090,Maurice Harkless,1610612757,POR,25.0,6-9,81,220,St. John's (NY),USA,2012,1,15,5,3.8,4.8,1.0,-5.2,0.029,0.236,0.093,0.503,0.07
1628467,Maxi Kleber,1610612742,DAL,26.0,6-11,83,240,None,Germany,Undrafted,Undrafted,Undrafted,12,6.7,3.9,0.6,9.1,0.062,0.144,0.135,0.574,0.042
1628982,Melvin Frazier Jr.,1610612753,ORL,22.0,6-6,78,200,Tulane,USA,2018,2,35,1,0.0,0.0,0.0,-17.4,0.0,0.0,0.0,0.0,0.0
203086,Meyers Leonard,1610612757,POR,26.0,7-1,85,255,Illinois,USA,2012,1,11,9,4.4,3.8,1.0,15.4,0.093,0.194,0.166,0.673,0.138
201563,Michael Beasley,1610612747,LAL,29.0,6-9,81,235,Kansas State,USA,2008,1,2,3,1.0,1.0,0.0,-16.7,0.125,0.25,0.24,0.387,0.0
203487,Michael Carter-Williams,1610612745,HOU,27.0,6-6,78,190,Syracuse,USA,2013,1,11,7,5.0,1.4,2.0,-19.9,0.016,0.099,0.206,0.407,0.23
203077,Michael Kidd-Gilchrist,1610612766,CHA,25.0,6-7,79,232,Kentucky,USA,2012,1,2,12,8.9,6.4,1.5,8.7,0.099,0.179,0.164,0.537,0.098
1628969,Mikal Bridges,1610612756,PHX,22.0,6-7,79,210,Villanova,USA,2018,1,10,12,6.7,1.3,0.8,-0.7,0.01,0.065,0.156,0.565,0.066
201144,Mike Conley,1610612763,MEM,31.0,6-1,73,175,Ohio State,USA,2007,1,4,11,18.1,3.3,6.0,2.3,0.019,0.088,0.259,0.502,0.319
203488,Mike Muscala,1610612755,PHI,27.0,6-11,83,240,Bucknell,USA,2013,2,44,8,7.4,3.8,1.3,-5.0,0.046,0.118,0.137,0.633,0.094
203118,Mike Scott,1610612746,LAC,30.0,6-8,80,237,Virginia,USA,2012,2,43,12,4.3,2.8,1.2,9.0,0.013,0.162,0.105,0.65,0.097
1628970,Miles Bridges,1610612766,CHA,20.0,6-7,79,225,Michigan State,USA,2018,1,12,11,7.8,3.9,1.1,7.2,0.03,0.154,0.135,0.619,0.071
203101,Miles Plumlee,1610612737,ATL,30.0,6-11,83,249,Duke,USA,2012,1,26,7,6.7,3.1,1.0,4.3,0.151,0.145,0.187,0.788,0.146
1628462,Milos Teodosic,1610612746,LAC,31.0,6-5,77,196,None,Serbia,Undrafted,Undrafted,Undrafted,7,3.3,1.7,2.4,22.5,0.034,0.128,0.131,0.829,0.246
1629011,Mitchell Robinson,1610612752,NYK,20.0,7-1,85,240,None,USA,2018,2,36,11,5.2,4.4,0.4,0.3,0.127,0.106,0.104,0.634,0.028
1628964,Mo Bamba,1610612753,ORL,20.0,7-0,84,221,Texas,USA,2018,1,6,12,6.8,5.3,1.3,-17.9,0.071,0.183,0.14,0.585,0.115
1628420,Monte Morris,1610612743,DEN,23.0,6-3,75,175,Iowa State,USA,2017,2,51,12,8.3,2.5,3.3,5.3,0.018,0.095,0.168,0.492,0.225
1626149,Montrezl Harrell,1610612746,LAC,24.0,6-8,80,240,Louisville,USA,2015,2,32,12,13.8,6.3,1.3,4.5,0.078,0.179,0.208,0.704,0.09
1626167,Myles Turner,1610612754,IND,22.0,6-11,83,250,Texas,USA,2015,1,11,13,11.1,4.9,1.2,4.0,0.055,0.129,0.197,0.535,0.064
1628513,Naz Mitrou-Long,1610612762,UTA,25.0,6-4,76,218,Iowa State,Canada,Undrafted,Undrafted,Undrafted,1,0.0,0.0,0.0,137.5,0.0,0.0,0.111,0.0,0.0
202357,Nemanja Bjelica,1610612758,SAC,30.0,6-10,82,234,None,Serbia,2010,2,35,13,12.3,5.7,2.6,6.9,0.044,0.155,0.179,0.614,0.128
203457,Nerlens Noel,1610612760,OKC,24.0,6-11,83,220,Kentucky,USA,2013,1,6,12,5.4,5.3,0.4,-8.1,0.133,0.211,0.131,0.658,0.054
201587,Nicolas Batum,1610612766,CHA,29.0,6-8,80,200,None,France,2008,1,25,12,10.0,6.0,3.9,9.0,0.029,0.151,0.139,0.583,0.163
203917,Nik Stauskas,1610612757,POR,25.0,6-6,78,205,Michigan,Canada,2014,1,8,12,8.3,2.5,2.1,-0.4,0.019,0.094,0.167,0.575,0.155
203999,Nikola Jokic,1610612743,DEN,23.0,7-0,84,250,None,Serbia,2014,2,41,12,17.6,10.7,7.0,9.7,0.086,0.273,0.239,0.647,0.354
202703,Nikola Mirotic,1610612740,NOP,27.0,6-10,82,250,None,Montenegro,2011,1,23,11,20.6,11.7,1.3,0.4,0.077,0.278,0.237,0.579,0.059
202696,Nikola Vucevic,1610612753,ORL,28.0,7-0,84,260,Southern California,Montenegro,2011,1,16,12,17.8,10.7,3.7,-4.6,0.08,0.284,0.243,0.592,0.208
203943,Noah Vonleh,1610612752,NYK,23.0,6-9,81,250,Indiana,USA,2014,1,9,13,7.7,8.2,1.7,3.9,0.097,0.261,0.145,0.587,0.111
1626181,Norman Powell,1610612761,TOR,25.0,6-4,76,215,UCLA,USA,2015,2,46,11,5.0,2.0,0.9,1.9,0.011,0.108,0.128,0.604,0.079
1628384,OG Anunoby,1610612761,TOR,21.0,6-8,80,232,Indiana,United Kingdom,2017,1,23,10,8.9,2.9,0.5,10.2,0.033,0.08,0.142,0.568,0.026
1629016,Omari Spellman,1610612737,ATL,21.0,6-9,81,245,Villanova,USA,2018,1,30,11,7.9,5.1,1.3,-10.6,0.089,0.139,0.144,0.564,0.097
201956,Omri Casspi,1610612763,MEM,30.0,6-9,81,225,None,Israel,2009,1,23,7,5.6,2.4,1.4,27.4,0.041,0.156,0.173,0.617,0.164
203490,Otto Porter Jr.,1610612764,WAS,25.0,6-8,80,198,Georgetown,USA,2013,1,3,11,10.6,4.7,1.5,-4.4,0.028,0.135,0.151,0.542,0.07
200782,PJ Tucker,1610612745,HOU,33.0,6-6,78,245,Texas,USA,2006,2,35,11,8.2,5.5,1.3,-6.3,0.033,0.126,0.09,0.605,0.053
1627783,Pascal Siakam,1610612761,TOR,24.0,6-9,81,230,New Mexico State,Cameroon,2016,1,27,13,13.3,6.7,2.1,16.6,0.059,0.159,0.167,0.684,0.097
1626192,Pat Connaughton,1610612749,MIL,25.0,6-4,76,209,Notre Dame,USA,2015,2,41,9,7.4,4.4,1.2,9.6,0.086,0.162,0.182,0.578,0.11
201976,Patrick Beverley,1610612746,LAC,30.0,6-1,73,185,Arkansas,USA,2009,2,42,12,7.2,4.6,4.2,0.5,0.033,0.125,0.135,0.475,0.214
202335,Patrick Patterson,1610612760,OKC,29.0,6-9,81,230,Kentucky,USA,2010,1,14,12,6.4,3.4,0.3,-6.0,0.044,0.145,0.141,0.534,0.021
201988,Patty Mills,1610612759,SAS,30.0,6-0,72,180,Saint Mary's (CA),Australia,2009,2,55,11,10.2,3.5,1.9,-5.3,0.012,0.104,0.155,0.56,0.104
2200,Pau Gasol,1610612759,SAS,38.0,7-0,84,250,None,Spain,2001,1,3,9,6.8,6.1,3.3,1.1,0.067,0.273,0.155,0.599,0.268
202331,Paul George,1610612760,OKC,28.0,6-9,81,220,Fresno State,USA,2010,1,10,12,21.8,7.6,4.4,7.2,0.029,0.174,0.274,0.507,0.187
200794,Paul Millsap,1610612743,DEN,33.0,6-8,80,246,Louisiana Tech,USA,2006,2,47,12,11.7,7.4,1.3,9.3,0.082,0.187,0.195,0.53,0.068
202347,Quincy Pondexter,1610612759,SAS,30.0,6-7,79,230,Washington,USA,2010,1,26,8,2.9,1.5,0.3,15.4,0.046,0.125,0.132,0.649,0.049
1626188,Quinn Cook,1610612744,GSW,25.0,6-2,74,179,Duke,USA,Undrafted,Undrafted,Undrafted,10,8.9,1.8,1.6,-2.7,0.015,0.115,0.229,0.68,0.176
200765,Rajon Rondo,1610612747,LAL,32.0,6-1,73,186,Kentucky,USA,2006,1,21,9,10.1,4.7,7.0,6.7,0.036,0.114,0.171,0.545,0.335
1629034,Ray Spalding,1610612742,DAL,21.0,6-10,82,215,Louisville,USA,2018,2,56,1,0.0,0.0,0.0,-66.7,0.0,0.0,0.0,0.0,0.0
101109,Raymond Felton,1610612760,OKC,34.0,6-1,73,205,North Carolina,USA,2005,1,5,6,6.8,1.7,1.7,-17.4,0.019,0.098,0.266,0.409,0.286
203493,Reggie Bullock,1610612765,DET,27.0,6-7,79,205,North Carolina,USA,2013,1,25,8,9.3,2.5,2.1,0.1,0.008,0.085,0.174,0.446,0.112
202704,Reggie Jackson,1610612765,DET,28.0,6-3,75,208,Boston College,USA,2011,1,24,11,15.6,2.6,3.6,-5.1,0.021,0.066,0.231,0.501,0.19
1626158,Richaun Holmes,1610612756,PHX,25.0,6-10,82,235,Bowling Green,USA,2015,2,37,11,2.5,3.4,0.4,-9.6,0.13,0.223,0.136,0.558,0.069
201937,Ricky Rubio,1610612762,UTA,28.0,6-4,76,190,None,Spain,2009,1,5,12,10.9,3.3,7.9,1.8,0.008,0.098,0.202,0.467,0.351
203496,Robert Covington,1610612755,PHI,27.0,6-9,81,225,Tennessee State,USA,Undrafted,Undrafted,Undrafted,13,11.3,5.2,1.1,1.0,0.015,0.115,0.135,0.578,0.045
1629057,Robert Williams III,1610612738,BOS,21.0,6-10,82,240,Texas A&M,USA,2018,1,27,5,1.0,0.8,0.2,-26.0,0.167,0.05,0.077,0.868,0.111
201577,Robin Lopez,1610612741,CHI,30.0,7-0,84,275,Stanford,USA,2008,1,15,7,2.4,2.0,1.4,-0.9,0.078,0.037,0.108,0.437,0.116
1629066,Rodions Kurucs,1610612751,BKN,20.0,6-9,81,210,None,Latvia,2018,2,40,5,7.0,3.2,0.2,5.9,0.111,0.169,0.23,0.654,0.031
203918,Rodney Hood,1610612739,CLE,26.0,6-8,80,206,Duke,USA,2014,1,23,12,12.9,2.8,2.3,-6.6,0.011,0.093,0.196,0.536,0.126
203585,Rodney McGruder,1610612748,MIA,27.0,6-4,76,200,Kansas State,USA,Undrafted,Undrafted,Undrafted,12,13.6,5.6,3.7,-2.3,0.028,0.12,0.153,0.586,0.164
1627758,Ron Baker,1610612752,NYK,25.0,6-4,76,220,Wichita State,USA,Undrafted,Undrafted,Undrafted,7,0.7,0.6,1.0,-9.4,0.0,0.051,0.071,0.196,0.121
1626178,Rondae Hollis-Jefferson,1610612751,BKN,23.0,6-7,79,217,Arizona,USA,2015,1,23,10,8.4,4.9,1.5,-2.7,0.033,0.19,0.208,0.426,0.12
1626220,Royce O'Neale,1610612762,UTA,25.0,6-6,78,226,Baylor,USA,Undrafted,Undrafted,Undrafted,12,4.8,2.5,1.2,-14.5,0.022,0.147,0.139,0.548,0.114
200752,Rudy Gay,1610612759,SAS,32.0,6-8,80,230,Connecticut,USA,2006,1,8,8,13.3,7.9,2.0,1.2,0.043,0.235,0.214,0.547,0.108
203497,Rudy Gobert,1610612762,UTA,26.0,7-1,85,245,None,France,2013,1,27,12,16.4,13.3,1.3,7.3,0.11,0.283,0.164,0.714,0.057
201566,Russell Westbrook,1610612760,OKC,29.0,6-3,75,200,UCLA,USA,2008,1,4,7,24.1,8.3,8.9,6.2,0.03,0.23,0.334,0.529,0.431
201583,Ryan Anderson,1610612756,PHX,30.0,6-10,82,240,California,USA,2008,1,21,11,4.9,3.5,1.5,-11.6,0.053,0.114,0.129,0.441,0.099
1627853,Ryan Arcidiacono,1610612741,CHI,24.0,6-3,75,200,Villanova,USA,Undrafted,Undrafted,Undrafted,12,7.0,1.8,4.4,1.8,0.003,0.061,0.097,0.719,0.236
1629151,Ryan Broekhoff,1610612742,DAL,28.0,6-7,79,215,None,Australia,Undrafted,Undrafted,Undrafted,6,1.0,0.3,0.0,-18.3,0.0,0.143,0.182,0.375,0.0
1626257,Salah Mejri,1610612742,DAL,32.0,7-2,86,235,None,Tunisia,Undrafted,Undrafted,Undrafted,2,0.0,1.5,0.0,0.0,0.143,0.222,0.125,0.0,0.0
1626155,Sam Dekker,1610612739,CLE,24.0,6-9,81,230,Wisconsin,USA,2015,1,18,9,6.3,3.7,1.0,-11.0,0.053,0.156,0.14,0.544,0.074
1628400,Semi Ojeleye,1610612738,BOS,23.0,6-7,79,241,Southern Methodist,USA,2017,2,37,9,2.1,1.0,0.0,2.2,0.032,0.101,0.12,0.522,0.0
201586,Serge Ibaka,1610612761,TOR,29.0,6-10,82,235,None,Democratic Republic of the Congo,2008,1,24,13,17.2,7.9,1.0,15.6,0.086,0.186,0.245,0.632,0.057
203552,Seth Curry,1610612757,POR,28.0,6-2,74,185,Duke,USA,Undrafted,Undrafted,Undrafted,12,4.8,1.5,0.8,18.8,0.009,0.063,0.122,0.506,0.064
203894,Shabazz Napier,1610612751,BKN,27.0,6-1,73,180,Connecticut,USA,2014,1,24,9,8.2,1.2,2.0,3.2,0.02,0.062,0.233,0.549,0.209
1628983,Shai Gilgeous-Alexander,1610612746,LAC,20.0,6-6,78,181,Kentucky,Canada,2018,1,11,12,9.6,3.2,3.3,7.0,0.028,0.075,0.155,0.561,0.16
1627885,Shaquille Harrison,1610612741,CHI,25.0,6-4,76,190,Tulsa,USA,Undrafted,Undrafted,Undrafted,4,7.3,2.8,2.8,-3.3,0.05,0.148,0.238,0.561,0.314
2733,Shaun Livingston,1610612744,GSW,33.0,6-7,79,192,None,USA,2004,1,4,4,5.5,3.5,1.0,15.3,0.132,0.099,0.15,0.619,0.093
202714,Shelvin Mack,1610612763,MEM,28.0,6-3,75,203,Butler,USA,2011,2,34,11,11.5,2.2,3.5,-1.3,0.014,0.074,0.176,0.64,0.242
1628414,Sindarius Thornwell,1610612746,LAC,23.0,6-5,77,215,South Carolina,USA,2017,2,48,1,0.0,1.0,0.0,6.7,0.0,0.333,0.182,0.0,0.0
1627746,Skal Labissiere,1610612758,SAC,22.0,6-11,83,235,Kentucky,Haiti,2016,1,28,5,2.6,1.4,0.4,-0.8,0.04,0.188,0.194,0.604,0.083
203524,Solomon Hill,1610612740,NOP,27.0,6-7,79,225,Arizona,USA,2013,1,23,8,2.8,2.1,1.8,-5.1,0.013,0.096,0.099,0.358,0.118
203915,Spencer Dinwiddie,1610612751,BKN,25.0,6-6,78,210,Colorado,USA,2014,2,38,13,13.9,2.6,4.2,-1.5,0.019,0.074,0.207,0.597,0.252
1626169,Stanley Johnson,1610612765,DET,22.0,6-7,79,245,Arizona,USA,2015,1,8,10,8.5,4.6,1.7,-4.8,0.026,0.142,0.161,0.497,0.1
201939,Stephen Curry,1610612744,GSW,30.0,6-3,75,190,Davidson,USA,2009,1,7,12,29.5,5.0,6.1,13.5,0.016,0.119,0.295,0.681,0.275
1628425,Sterling Brown,1610612749,MIL,23.0,6-6,78,232,Southern Methodist,USA,2017,2,46,7,2.1,1.4,0.3,-28.9,0.062,0.115,0.19,0.48,0.087
203500,Steven Adams,1610612760,OKC,25.0,7-0,84,265,Pittsburgh,New Zealand,2013,1,12,11,14.5,10.7,1.6,9.3,0.125,0.168,0.161,0.593,0.066
1629004,Svi Mykhailiuk,1610612747,LAL,21.0,6-8,80,205,Kansas,Ukraine,2018,2,47,6,1.7,0.7,1.5,12.2,0.031,0.03,0.123,0.298,0.145
204456,T.J. McConnell,1610612755,PHI,26.0,6-2,74,190,Arizona,USA,Undrafted,Undrafted,Undrafted,11,4.5,1.8,2.9,-7.7,0.006,0.095,0.133,0.629,0.314
203933,T.J. Warren,1610612756,PHX,25.0,6-8,80,215,North Carolina State,USA,2014,1,14,11,16.0,4.0,1.3,-12.7,0.035,0.121,0.234,0.595,0.082
1628388,TJ Leaf,1610612754,IND,21.0,6-10,82,225,California-Los Angeles,USA,2017,1,18,8,1.4,1.4,0.4,-7.5,0.047,0.148,0.137,0.289,0.065
201959,Taj Gibson,1610612750,MIN,33.0,6-9,81,232,Southern California,USA,2009,1,26,13,11.0,7.2,1.5,-7.8,0.101,0.137,0.155,0.574,0.076
1627752,Taurean Prince,1610612737,ATL,24.0,6-8,80,220,Baylor,USA,2016,1,12,11,14.6,4.8,2.9,-16.5,0.006,0.162,0.241,0.521,0.168
1628390,Terrance Ferguson,1610612760,OKC,20.0,6-7,79,190,None,USA,2017,1,21,12,4.2,1.8,0.6,3.3,0.032,0.05,0.103,0.465,0.034
203082,Terrence Ross,1610612753,ORL,27.0,6-7,79,206,Washington,USA,2012,1,8,12,12.5,2.9,2.0,-8.6,0.012,0.095,0.22,0.503,0.129
1626179,Terry Rozier,1610612738,BOS,24.0,6-1,73,190,Louisville,USA,2015,1,16,12,8.9,4.7,2.1,-0.8,0.015,0.165,0.158,0.512,0.145
200757,Thabo Sefolosha,1610612762,UTA,34.0,6-7,79,220,None,Switzerland,2006,1,13,2,0.5,1.5,1.0,22.2,0.167,0.333,0.15,0.174,0.25
201152,Thaddeus Young,1610612754,IND,30.0,6-8,80,221,Georgia Tech,USA,2007,1,12,13,9.1,5.7,1.5,3.8,0.07,0.131,0.161,0.495,0.071
1629033,Theo Pinson,1610612751,BKN,23.0,6-6,78,218,None,USA,Undrafted,Undrafted,Undrafted,2,1.0,0.5,1.5,-26.1,0.0,0.167,0.148,0.258,0.429
1628418,Thomas Bryant,1610612764,WAS,21.0,6-11,83,248,Indiana,USA,2017,2,42,4,3.3,1.8,0.3,-23.2,0.125,0.136,0.258,0.458,0.1
1629118,Thomas Welsh,1610612743,DEN,22.0,7-0,84,255,California-Los Angeles,USA,2018,2,58,3,0.0,0.7,0.7,-44.8,0.0,0.333,0.048,0.0,0.5
1627748,Thon Maker,1610612749,MIL,21.0,7-1,85,221,None,South Sudan,2016,1,10,5,6.0,3.4,0.4,3.0,0.033,0.165,0.186,0.606,0.056
204025,Tim Frazier,1610612740,NOP,28.0,6-1,73,170,None,USA,Undrafted,Undrafted,Undrafted,9,2.6,1.4,2.4,-19.1,0.029,0.074,0.114,0.392,0.234
203501,Tim Hardaway Jr.,1610612752,NYK,26.0,6-6,78,205,Michigan,USA,2013,1,24,12,24.5,3.3,3.2,-5.8,0.009,0.09,0.295,0.57,0.162
1627789,Timothe Luwawu-Cabarrot,1610612760,OKC,23.0,6-6,78,210,None,France,2016,1,24,5,0.0,0.2,0.0,-88.9,0.0,0.125,0.2,0.0,0.0
202699,Tobias Harris,1610612746,LAC,26.0,6-9,81,235,Tennessee,USA,2011,1,19,12,20.7,8.9,1.8,4.6,0.029,0.201,0.227,0.61,0.092
203107,Tomas Satoransky,1610612764,WAS,27.0,6-7,79,210,None,Czech Republic,2012,2,32,12,3.1,1.6,1.9,-22.4,0.024,0.101,0.122,0.485,0.271
2225,Tony Parker,1610612766,CHA,36.0,6-2,74,185,None,France,2001,1,28,11,9.5,1.5,4.5,10.3,0.01,0.076,0.237,0.513,0.347
203503,Tony Snell,1610612749,MIL,27.0,6-7,79,213,New Mexico,USA,2013,1,20,12,6.8,1.9,1.0,16.7,0.016,0.085,0.127,0.654,0.073
1628470,Torrey Craig,1610612743,DEN,27.0,6-7,79,215,South Carolina Upstate,USA,Undrafted,Undrafted,Undrafted,11,4.0,3.2,0.5,-3.7,0.075,0.108,0.12,0.443,0.042
1629027,Trae Young,1610612737,ATL,20.0,6-2,74,180,Oklahoma,USA,2018,1,5,12,18.4,3.4,7.8,-13.6,0.021,0.092,0.276,0.529,0.422
1626203,Treveon Graham,1610612751,BKN,25.0,6-5,77,225,Virginia Commonwealth,USA,Undrafted,Undrafted,Undrafted,2,0.0,2.0,0.5,11.7,0.04,0.097,0.078,0.0,0.04
2772,Trevor Ariza,1610612756,PHX,33.0,6-8,80,215,UCLA,USA,2004,2,43,12,10.4,5.8,3.4,-15.3,0.014,0.162,0.142,0.535,0.155
203504,Trey Burke,1610612752,NYK,25.0,6-1,73,175,Michigan,USA,2013,1,9,11,9.5,2.1,3.4,-0.7,0.036,0.069,0.223,0.47,0.24
1626168,Trey Lyles,1610612743,DEN,23.0,6-10,82,234,Kentucky,USA,2015,1,12,12,10.5,5.3,1.9,6.1,0.029,0.204,0.236,0.491,0.135
202684,Tristan Thompson,1610612739,CLE,27.0,6-10,82,238,Texas,Canada,2011,1,4,12,10.2,10.2,1.8,-7.0,0.141,0.209,0.16,0.533,0.098
1628972,Troy Brown Jr.,1610612764,WAS,19.0,6-7,79,215,Oregon,USA,2018,1,15,5,3.2,1.8,0.0,6.3,0.053,0.259,0.214,0.581,0.0
203584,Troy Daniels,1610612756,PHX,27.0,6-4,76,205,Virginia Commonwealth,USA,Undrafted,Undrafted,Undrafted,4,3.5,1.0,1.0,9.8,0.023,0.077,0.189,0.453,0.133
1627786,Troy Williams,1610612758,SAC,23.0,6-7,79,218,Indiana,USA,Undrafted,Undrafted,Undrafted,6,7.2,2.7,0.8,-2.5,0.017,0.116,0.131,0.65,0.071
1628416,Tyler Dorsey,1610612737,ATL,22.0,6-5,77,183,Oregon,USA,2017,2,41,7,3.7,1.0,0.7,1.6,0.0,0.089,0.176,0.414,0.1
204020,Tyler Johnson,1610612748,MIA,26.0,6-4,76,190,Fresno State,USA,Undrafted,Undrafted,Undrafted,12,10.0,2.7,2.3,2.4,0.011,0.083,0.17,0.522,0.137
1628399,Tyler Lydon,1610612743,DEN,22.0,6-10,82,225,Syracuse,USA,2017,1,24,4,0.8,0.3,0.0,-81.0,0.091,0.0,0.083,0.798,0.0
1627755,Tyler Ulis,1610612741,CHI,22.0,5-10,70,160,Kentucky,USA,2016,2,34,1,0.0,0.0,0.0,0.0,0.0,0.0,0.0,0.0,0.0
201936,Tyreke Evans,1610612754,IND,29.0,6-6,78,220,Memphis,USA,2009,1,4,12,10.7,2.2,2.5,1.6,0.013,0.096,0.269,0.494,0.2
1627820,Tyrone Wallace,1610612746,LAC,24.0,6-5,77,198,California,USA,2016,2,60,7,2.1,0.4,0.3,4.9,0.0,0.068,0.165,0.528,0.069
2199,Tyson Chandler,1610612747,LAL,36.0,7-1,85,240,None,USA,2001,1,2,9,3.4,6.6,0.7,-17.0,0.101,0.287,0.115,0.56,0.069
1626145,Tyus Jones,1610612750,MIN,22.0,6-2,74,196,Duke,USA,2015,1,24,12,5.4,1.6,3.3,-10.5,0.01,0.068,0.146,0.384,0.231
2617,Udonis Haslem,1610612748,MIA,38.0,6-8,80,235,Florida,USA,Undrafted,Undrafted,Undrafted,1,0.0,1.0,0.0,-75.0,0.0,0.167,0.5,0.0,0.0
203506,Victor Oladipo,1610612754,IND,26.0,6-4,76,210,Indiana,USA,2013,1,2,13,23.9,6.9,4.8,8.1,0.016,0.184,0.309,0.552,0.239
1713,Vince Carter,1610612737,ATL,41.0,6-6,78,220,North Carolina,USA,1998,1,5,12,7.0,2.1,1.0,-7.6,0.013,0.091,0.143,0.585,0.076
1627735,Wade Baldwin IV,1610612757,POR,22.0,6-4,76,200,Vanderbilt,USA,2016,1,17,3,0.0,1.0,0.7,-33.2,0.0,0.143,0.205,0.0,0.25
201961,Wayne Ellington,1610612748,MIA,30.0,6-5,77,200,North Carolina,USA,2009,1,28,5,8.8,2.4,1.2,-4.1,0.009,0.099,0.17,0.598,0.097
1627782,Wayne Selden,1610612763,MEM,24.0,6-5,77,230,Kansas,USA,Undrafted,Undrafted,Undrafted,11,6.5,1.0,0.9,-0.8,0.013,0.055,0.167,0.643,0.091
1628976,Wendell Carter Jr.,1610612741,CHI,19.0,6-10,82,255,Duke,USA,2018,1,7,13,11.8,7.7,2.4,-8.2,0.091,0.193,0.206,0.55,0.153
1628411,Wes Iwundu,1610612753,ORL,23.0,6-7,79,195,Kansas State,USA,2017,2,33,8,4.8,2.3,0.3,-9.3,0.041,0.096,0.165,0.405,0.02
202325,Wesley Johnson,1610612740,NOP,31.0,6-7,79,215,Syracuse,USA,2010,1,4,6,6.3,2.2,0.7,-3.2,0.016,0.09,0.117,0.687,0.047
202083,Wesley Matthews,1610612742,DAL,32.0,6-5,77,220,Marquette,USA,Undrafted,Undrafted,Undrafted,12,16.8,2.7,2.6,-3.6,0.018,0.063,0.197,0.566,0.121
203115,Will Barton,1610612743,DEN,27.0,6-6,78,190,Memphis,USA,2012,2,40,2,16.5,5.0,3.0,27.6,0.0,0.159,0.202,0.725,0.182
1626161,Willie Cauley-Stein,1610612758,SAC,25.0,7-0,84,240,Kentucky,USA,2015,1,6,13,16.8,8.2,2.1,9.4,0.083,0.182,0.221,0.585,0.097
1626195,Willy Hernangomez,1610612766,CHA,24.0,6-11,83,240,None,Spain,2015,2,35,11,7.8,5.6,0.9,6.6,0.124,0.247,0.172,0.682,0.083
201163,Wilson Chandler,1610612755,PHI,31.0,6-9,81,225,DePaul,USA,2007,1,23,3,3.3,4.7,0.7,-2.1,0.077,0.234,0.099,0.635,0.071
1627812,Yogi Ferrell,1610612758,SAC,25.0,6-0,72,180,Indiana,USA,Undrafted,Undrafted,Undrafted,10,5.9,1.6,0.8,-6.0,0.012,0.081,0.15,0.538,0.067
1629139,Yuta Watanabe,1610612763,MEM,24.0,6-9,81,205,George Washington,Japan,Undrafted,Undrafted,Undrafted,1,2.0,2.0,0.0,-44.4,0.0,0.286,0.2,1.136,0.0
1628380,Zach Collins,1610612757,POR,20.0,7-0,84,235,Gonzaga,USA,2017,1,10,12,10.6,4.3,1.0,12.2,0.052,0.12,0.18,0.691,0.07
203897,Zach LaVine,1610612741,CHI,23.0,6-5,77,200,UCLA,USA,2014,1,13,13,27.2,5.2,3.9,-8.6,0.008,0.126,0.327,0.577,0.212
1629155,Zach Lofton,1610612765,DET,25.0,6-4,76,180,New Mexico State,USA,Undrafted,Undrafted,Undrafted,1,0.0,0.0,0.0,0.0,0.0,0.0,0.25,0.0,0.0
2585,Zaza Pachulia,1610612765,DET,34.0,6-11,83,270,None,Georgia,2003,2,42,11,4.2,4.2,1.5,3.2,0.107,0.154,0.149,0.486,0.148
1627753,Zhou Qi,1610612745,HOU,22.0,7-1,85,210,None,China,2016,2,43,1,2.0,0.0,0.0,-66.7,0.0,0.0,0.333,1.0,0.0
